Risk,Return,Asset,Type,
154.83,3.18,Alternatives,,
85.89,1.6,Alternatives,,
77.47,0.25,Alternatives,,
69.06,1.81,Alternatives,,
68.02,20.66,Alternatives,,
62.72,5.51,Alternatives,,
62.31,5.95,Alternatives,,
61.85,0.14,Alternatives,,
60.34,-2.2,Alternatives,,
59.38,0.46,Alternatives,,
58.69,-9.48,Alternatives,,
58.26,4.59,Alternatives,,
57.83,3.64,Alternatives,,
55.79,-0.01,Alternatives,,
54.56,6.54,Alternatives,,
53.51,0.77,Alternatives,,
52.12,-2.1,Alternatives,,
51.66,6.11,Alternatives,,
51.34,7.13,Alternatives,,
51.12,19.4,Alternatives,,
50.82,-2.15,Alternatives,,
50.81,-0.36,Alternatives,,
50.21,-0.69,Alternatives,,
49.81,12.32,Alternatives,,
49.11,3.47,Alternatives,,
49.06,3.05,Alternatives,,
48.93,0.79,Alternatives,,
48.86,4.6,Alternatives,,
48.46,2.28,Alternatives,,
48.21,0.83,Alternatives,,
48.12,5.39,Alternatives,,
47.35,1.64,Alternatives,,
46.97,2.43,Alternatives,,
46.73,0.12,Alternatives,,
46.42,0.93,Alternatives,,
46.21,2.4,Alternatives,,
46.05,0.8,Alternatives,,
45.86,0.51,Alternatives,,
45.04,-2.65,Alternatives,,
44.29,19.11,Alternatives,,
44.25,-27.7,Alternatives,,
44.09,-13.43,Alternatives,,
43.67,-41.84,Alternatives,,
40.77,64.39,Commodities,,
40.6,-3.95,Commodities,,
40.42,-1.36,Commodities,,
40.33,-2.89,Commodities,,
40.23,-2.2,Commodities,,
40.06,2.15,Commodities,,
40,1.42,Commodities,,
39.9,-1.42,Commodities,,
39.55,1.22,Commodities,,
39.32,-0.25,Commodities,,
39.3,6.09,Commodities,,
39.29,-1.6,Commodities,,
39.24,29.09,Commodities,,
39.11,4.01,Commodities,,
39,-2.38,Commodities,,
38.97,6.94,Commodities,,
38.86,2.7,Commodities,,
38.69,-0.78,Commodities,,
38.48,-2.71,Commodities,,
38.18,26.75,Commodities,,
38.03,6.87,Commodities,,
37.98,11.36,Commodities,,
37.91,3.16,Commodities,,
43.36,11.75,Commodities,Agriculture,
43.16,-0.29,Commodities,Agriculture,
43.02,-6.46,Commodities,Agriculture,
42.93,-1.03,Commodities,Agriculture,
42.39,-0.57,Commodities,Agriculture,
42.3,9.42,Commodities,Agriculture,
42.23,-2.75,Commodities,Agriculture,
42.13,6.66,Commodities,Agriculture,
41.87,3.25,Commodities,Agriculture,
41.7,11.12,Commodities,Agriculture,
41.68,-1.91,Commodities,Agriculture,
41.6,-5.33,Commodities,Agriculture,
41.3,8.89,Commodities,Agriculture,
41.29,1.3,Commodities,Agriculture,
41.26,-6.18,Commodities,Agriculture,
41.23,9.95,Commodities,Agriculture,
40.88,-10.08,Commodities,Agriculture,
37.87,-0.12,Commodities,Energy,
37.87,-4.96,Commodities,Energy,
37.83,1.09,Commodities,Energy,
37.78,96.03,Commodities,Energy,
37.78,99.13,Commodities,Energy,
37.72,-1.06,Commodities,Energy,
37.69,-4.53,Commodities,Energy,
37.41,3.02,Commodities,Energy,
37.37,-22.05,Commodities,Energy,
37.31,0.98,Commodities,Energy,
37.25,-0.92,Commodities,Energy,
37.19,-1.06,Commodities,Energy,
37.09,6.24,Commodities,Energy,
37.07,-22.32,Commodities,Energy,
37.01,-14.7,Commodities,Energy,
36.89,-8.2,Commodities,Energy,
36.63,1.79,Commodities,Industrial Metals,
36.37,11.52,Commodities,Industrial Metals,
36.33,7.14,Commodities,Industrial Metals,
36.3,16.23,Commodities,Industrial Metals,
36.11,2.93,Commodities,Industrial Metals,
36.07,-1.66,Commodities,Industrial Metals,
36.04,14.09,Commodities,Industrial Metals,
35.96,35.71,Commodities,Industrial Metals,
35.84,5.82,Commodities,Precious Metals,
35.66,1.13,Commodities,Precious Metals,
35.62,11.81,Commodities,Precious Metals,
35.53,9.97,Commodities,Precious Metals,
35.47,10.06,Commodities,Precious Metals,
35.35,5.73,Commodities,Precious Metals,
35.3,4.82,Commodities,Precious Metals,
35.28,10.33,Commodities,Precious Metals,
35.19,14.7,Commodities,Precious Metals,
35.14,14.65,Commodities,Precious Metals,
35.13,6.04,Commodities,Precious Metals,
35.11,5.6,Commodities,Precious Metals,
35.04,3.69,Commodities,Precious Metals,
34.94,-7.14,Commodities,Precious Metals,
34.81,17.36,Commodities,Precious Metals,
34.81,8.35,Commodities,Precious Metals,
34.66,7.18,Commodities,Precious Metals,
34.6,-3.1,Commodities,Precious Metals,
34.49,7.86,Commodities,Precious Metals,
34.42,6.72,Commodities,Precious Metals,
34.37,8.6,Commodities,Precious Metals,
34.16,23.35,Commodities,Precious Metals,
34.06,-12.49,Commodities,Precious Metals,
33.21,0.82,Equity,Country,
32.84,8.86,Equity,Country,
32.7,9.37,Equity,Country,
32.62,5.12,Equity,Country,
32.54,6.78,Equity,Country,
32.43,5.06,Equity,Country,
32.41,4.37,Equity,Country,
32.32,0.16,Equity,Country,
32.28,-0.27,Equity,Country,
32.25,8.23,Equity,Country,
32.19,-3.27,Equity,Country,
32.11,-1.06,Equity,Country,
31.94,6.57,Equity,Country,
31.87,14.41,Equity,Country,
31.79,10.55,Equity,Country,
31.34,6.94,Equity,Country,
31.33,-0.3,Equity,Country,
31.04,34.1,Equity,Country,
31.03,9.15,Equity,Country,
31.01,12.22,Equity,Country,
30.59,13.47,Equity,Country,
30.58,13.9,Equity,Country,
30.57,7.84,Equity,Country,
30.39,6.39,Equity,Country,
30.2,5.97,Equity,Country,
30.19,6.59,Equity,Country,
30.19,7.51,Equity,Country,
30.13,13.12,Equity,Country,
30.03,2.44,Equity,Country,
29.97,4.36,Equity,Country,
29.87,6.77,Equity,Country,
29.85,2.15,Equity,Country,
29.72,-7.39,Equity,Country,
29.02,0.13,Equity,Country,
28.99,-8.13,Equity,Country,
28.88,16.77,Equity,Country,
24.27,-6.05,Equity,Country,
22.79,9.08,Equity,Country,
22.75,5.11,Equity,Country,
22.74,7.43,Equity,Country,
22.73,3.38,Equity,Country,
22.62,6.45,Equity,Country,
22.62,8.65,Equity,Country,
22.61,3.95,Equity,Country,
22.6,4.76,Equity,Country,
22.6,5.02,Equity,Country,
22.59,4.11,Equity,Country,
22.38,30.21,Equity,Country,
22.38,26.65,Equity,Country,
22.37,10.41,Equity,Country,
22.36,20.85,Equity,Country,
22.34,32.09,Equity,Country,
22.33,16.03,Equity,Country,
22.32,12.52,Equity,Country,
22.32,13.77,Equity,Country,
22.29,8.61,Equity,Country,
22.26,15.15,Equity,Country,
22.24,9.69,Equity,Country,
22.21,9.59,Equity,Country,
22.21,25.62,Equity,Country,
22.21,6.72,Equity,Country,
22.19,10.11,Equity,Country,
22.18,1.82,Equity,Country,
22.17,16.34,Equity,Country,
22.15,12.22,Equity,Country,
22.14,5.62,Equity,Country,
22.13,9.54,Equity,Country,
22.13,3.87,Equity,Country,
22.12,1.81,Equity,Country,
22.11,1.54,Equity,Country,
22.11,7.45,Equity,Country,
22.1,26.62,Equity,Country,
22.09,15.76,Equity,Country,
19.44,1.18,Equity,Country,
19.44,6.72,Equity,Country,
19.43,2.54,Equity,Country,
19.39,10.02,Equity,Country,
19.37,23.43,Equity,Country,
19.36,13.26,Equity,Country,
19.36,8.84,Equity,Country,
19.34,6.53,Equity,Country,
19.32,-0.21,Equity,Country,
19.26,11.75,Equity,Country,
19.25,6.04,Equity,Country,
19.24,7.47,Equity,Country,
19.24,14.23,Equity,Country,
19.24,22.52,Equity,Country,
19.22,0.49,Equity,Country,
19.2,5.25,Equity,Country,
19.2,6.94,Equity,Country,
19.2,3.47,Equity,Country,
19.19,5.28,Equity,Country,
19.19,2.5,Equity,Country,
19.17,9.26,Equity,Country,
19.17,6.81,Equity,Country,
19.17,3.89,Equity,Country,
19.16,7.36,Equity,Country,
19.15,3.88,Equity,Country,
19.12,4.64,Equity,Country,
19.1,8.8,Equity,Country,
19.09,8.69,Equity,Country,
19.06,8.48,Equity,Country,
19.05,3.36,Equity,Country,
19.05,7.04,Equity,Country,
19.04,7.15,Equity,Country,
19.04,27.42,Equity,Country,
19.03,6.83,Equity,Country,
19.02,-2.66,Equity,Country,
19.02,-1.7,Equity,Country,
19.01,2.28,Equity,Country,
19,2.03,Equity,Country,
19,6.87,Equity,Country,
19,8.99,Equity,Country,
18.99,7.6,Equity,Country,
18.97,-15.45,Equity,Country,
18.89,1.65,Equity,Country,
18.87,2.77,Equity,Country,
18.87,-8.67,Equity,Country,
18.86,2.51,Equity,Country,
18.84,3.6,Equity,Country,
18.8,-0.74,Equity,Country,
18.77,-3.03,Equity,Country,
18.75,-2.14,Equity,Country,
18.75,-0.11,Equity,Country,
18.73,3.43,Equity,Country,
18.73,11.76,Equity,Country,
18.72,0,Equity,Country,
18.71,13.55,Equity,Country,
18.71,12.04,Equity,Country,
18.69,5.55,Equity,Country,
18.69,4.28,Equity,Country,
18.68,4.22,Equity,Country,
18.68,10.53,Equity,Country,
18.66,9.63,Equity,Country,
18.65,0.43,Equity,Country,
18.64,1.71,Equity,Country,
18.64,8.35,Equity,Country,
18.63,7.92,Equity,Country,
18.62,10.28,Equity,Country,
18.61,13.67,Equity,Country,
18.6,20.61,Equity,Country,
18.59,9.02,Equity,Country,
18.58,10.27,Equity,Country,
18.55,0.54,Equity,Country,
18.55,7.46,Equity,Country,
18.54,5.43,Equity,Country,
18.53,1.34,Equity,Country,
18.53,0.91,Equity,Country,
18.52,0.34,Equity,Country,
18.5,14.34,Equity,Country,
18.49,11.49,Equity,Country,
18.47,18.28,Equity,Country,
18.47,11.54,Equity,Country,
18.44,14.37,Equity,Country,
18.44,11.56,Equity,Country,
18.43,33.16,Equity,Country,
18.43,30.38,Equity,Country,
5.44,-3.75,Equity,Country,
5.44,-0.36,Equity,Country,
33.2,1.91,Equity,Region,
33.13,5.37,Equity,Region,
28.83,3.99,Equity,Region,
28.83,4.73,Equity,Region,
28.81,5.43,Equity,Region,
28.72,7.09,Equity,Region,
28.54,3.94,Equity,Region,
28.49,-1.26,Equity,Region,
28.42,3.36,Equity,Region,
28.34,4.16,Equity,Region,
28.34,3.82,Equity,Region,
28.33,5.02,Equity,Region,
28.32,7,Equity,Region,
28.24,7.4,Equity,Region,
28.23,4.48,Equity,Region,
28.22,3.92,Equity,Region,
28.2,7.58,Equity,Region,
28.17,7.13,Equity,Region,
28.13,2.45,Equity,Region,
28.06,8.92,Equity,Region,
28.03,9.39,Equity,Region,
28,5.75,Equity,Region,
28,4.36,Equity,Region,
27.9,1.49,Equity,Region,
27.8,4.19,Equity,Region,
27.76,7.99,Equity,Region,
27.75,6.4,Equity,Region,
27.73,5.74,Equity,Region,
27.66,23.21,Equity,Region,
27.51,5.86,Equity,Region,
27.49,5.66,Equity,Region,
27.4,6.19,Equity,Region,
27.38,3.97,Equity,Region,
27.38,2.14,Equity,Region,
27.37,2.92,Equity,Region,
27.37,9.63,Equity,Region,
27.34,3.7,Equity,Region,
27.26,25.55,Equity,Region,
27.24,5.67,Equity,Region,
27.21,0.43,Equity,Region,
27.18,11.31,Equity,Region,
27.18,13.92,Equity,Region,
27.15,12.42,Equity,Region,
27.12,23.15,Equity,Region,
27.1,10.53,Equity,Region,
27.07,1.61,Equity,Region,
27.06,8.65,Equity,Region,
27.02,11.8,Equity,Region,
27,-1.56,Equity,Region,
26.97,15.38,Equity,Region,
26.95,13.58,Equity,Region,
26.92,21.45,Equity,Region,
26.91,8.04,Equity,Region,
26.9,31.43,Equity,Region,
26.89,-0.77,Equity,Region,
26.88,1.3,Equity,Region,
26.86,2.36,Equity,Region,
26.85,7,Equity,Region,
26.79,7.42,Equity,Region,
26.79,8.85,Equity,Region,
26.76,8.24,Equity,Region,
26.72,4.08,Equity,Region,
26.71,1.08,Equity,Region,
26.64,4.73,Equity,Region,
26.62,5.76,Equity,Region,
26.61,5.57,Equity,Region,
26.58,6.58,Equity,Region,
26.55,7.94,Equity,Region,
26.54,10.5,Equity,Region,
26.53,11.83,Equity,Region,
26.52,5.08,Equity,Region,
26.48,8.39,Equity,Region,
26.45,22.38,Equity,Region,
26.43,6.56,Equity,Region,
26.36,3.53,Equity,Region,
26.32,4.48,Equity,Region,
26.3,5.11,Equity,Region,
26.29,4.45,Equity,Region,
26.28,3.23,Equity,Region,
26.28,21.02,Equity,Region,
26.22,20.65,Equity,Region,
26.22,5.67,Equity,Region,
26.21,8.64,Equity,Region,
26.21,2.68,Equity,Region,
26.17,2.9,Equity,Region,
26.16,4.41,Equity,Region,
26.13,12.3,Equity,Region,
26.09,4.46,Equity,Region,
26.07,4.49,Equity,Region,
26.06,5.65,Equity,Region,
26,1.29,Equity,Region,
26,-0.3,Equity,Region,
26,5.93,Equity,Region,
25.97,0.26,Equity,Region,
25.96,-0.66,Equity,Region,
25.95,0.03,Equity,Region,
25.94,12.24,Equity,Region,
25.89,0.4,Equity,Region,
25.87,3.47,Equity,Region,
25.84,1.23,Equity,Region,
25.84,0.65,Equity,Region,
25.82,8.98,Equity,Region,
25.8,0.35,Equity,Region,
25.78,6.26,Equity,Region,
25.76,20.1,Equity,Region,
25.69,18.23,Equity,Region,
25.66,23.84,Equity,Region,
25.65,2.71,Equity,Region,
25.6,3.08,Equity,Region,
25.59,3.81,Equity,Region,
25.58,6.89,Equity,Region,
25.49,5.88,Equity,Region,
25.45,5.75,Equity,Region,
25.35,8.36,Equity,Region,
25.33,26.61,Equity,Region,
25.29,11.69,Equity,Region,
25.28,4.92,Equity,Region,
25.26,2.12,Equity,Region,
25.23,4.41,Equity,Region,
25.18,6.91,Equity,Region,
25.17,3.66,Equity,Region,
25.15,2.64,Equity,Region,
25.14,2.5,Equity,Region,
25.14,2.69,Equity,Region,
25.13,21.46,Equity,Region,
25.13,2.33,Equity,Region,
25.11,0.23,Equity,Region,
25.07,7.51,Equity,Region,
24.93,8.54,Equity,Region,
24.93,4.19,Equity,Region,
24.92,4.67,Equity,Region,
24.92,4.65,Equity,Region,
24.91,5.76,Equity,Region,
24.88,13.62,Equity,Region,
24.87,5.93,Equity,Region,
24.83,4.87,Equity,Region,
24.79,7.69,Equity,Region,
24.77,4.92,Equity,Region,
24.77,5.62,Equity,Region,
24.72,2.65,Equity,Region,
24.68,0.04,Equity,Region,
24.65,7.03,Equity,Region,
24.63,6.73,Equity,Region,
24.63,4.55,Equity,Region,
24.62,6.99,Equity,Region,
24.58,0.3,Equity,Region,
24.57,4.35,Equity,Region,
24.54,2.03,Equity,Region,
24.54,7.83,Equity,Region,
24.53,14.18,Equity,Region,
24.5,11.04,Equity,Region,
24.5,0.74,Equity,Region,
24.47,3.36,Equity,Region,
24.46,2.67,Equity,Region,
24.45,4.31,Equity,Region,
24.45,0.8,Equity,Region,
24.42,-0.12,Equity,Region,
24.27,10.72,Equity,Region,
24.27,6.34,Equity,Region,
24.22,6.95,Equity,Region,
24.21,0.89,Equity,Region,
24.2,-1.89,Equity,Region,
24.2,-1.93,Equity,Region,
24.2,-3.91,Equity,Region,
24.18,8.25,Equity,Region,
24.16,4.32,Equity,Region,
24.14,7.44,Equity,Region,
24.12,16.21,Equity,Region,
24.12,0.21,Equity,Region,
24.1,-0.47,Equity,Region,
24.04,7.91,Equity,Region,
24.02,4.55,Equity,Region,
23.96,6.15,Equity,Region,
23.95,4.89,Equity,Region,
23.95,3.67,Equity,Region,
23.95,18.23,Equity,Region,
23.93,6.12,Equity,Region,
23.9,7.2,Equity,Region,
23.9,7.54,Equity,Region,
23.89,2.25,Equity,Region,
23.88,21.12,Equity,Region,
23.88,4.43,Equity,Region,
23.8,-0.91,Equity,Region,
23.78,5.34,Equity,Region,
23.78,3.71,Equity,Region,
23.76,8.64,Equity,Region,
23.72,5.97,Equity,Region,
23.71,25.27,Equity,Region,
23.71,7.59,Equity,Region,
23.7,10.79,Equity,Region,
23.67,7.41,Equity,Region,
23.64,14.38,Equity,Region,
23.64,25.14,Equity,Region,
23.63,10.39,Equity,Region,
23.62,10.01,Equity,Region,
23.59,8.08,Equity,Region,
23.57,1.07,Equity,Region,
23.57,9.9,Equity,Region,
23.56,6.45,Equity,Region,
23.56,4.77,Equity,Region,
23.55,9.33,Equity,Region,
23.51,3.61,Equity,Region,
23.5,12.04,Equity,Region,
23.48,1.84,Equity,Region,
23.48,8.02,Equity,Region,
23.48,4.79,Equity,Region,
23.46,4.41,Equity,Region,
23.44,5.9,Equity,Region,
23.42,-1.72,Equity,Region,
23.38,4.17,Equity,Region,
23.37,3.08,Equity,Region,
23.36,3.23,Equity,Region,
23.34,3.21,Equity,Region,
23.33,8.74,Equity,Region,
23.31,3.15,Equity,Region,
23.3,5.26,Equity,Region,
23.3,2.97,Equity,Region,
23.28,2.97,Equity,Region,
23.27,5.48,Equity,Region,
23.25,-1.62,Equity,Region,
23.2,-0.2,Equity,Region,
23.19,9.11,Equity,Region,
23.17,2.2,Equity,Region,
23.16,14,Equity,Region,
23.11,7.89,Equity,Region,
23.07,3.65,Equity,Region,
23.05,0.79,Equity,Region,
23.05,-1.1,Equity,Region,
23.04,2.28,Equity,Region,
23.02,38.42,Equity,Region,
23.01,19.88,Equity,Region,
22.97,7.53,Equity,Region,
22.93,-0.4,Equity,Region,
22.91,19.37,Equity,Region,
22.82,-36.68,Equity,Region,
22.79,12.99,Equity,Region,
18.96,26.51,Equity,Region,
18.96,16.4,Equity,Region,
18.94,22.14,Equity,Region,
18.93,8.21,Equity,Region,
18.93,-11.84,Equity,Region,
18.92,0.61,Equity,Region,
18.92,2.17,Equity,Region,
18.9,3.83,Equity,Region,
18.9,7.61,Equity,Region,
18.9,16.79,Equity,Region,
31.26,9.91,Equity,Sector,
31.23,8.74,Equity,Sector,
31.18,7.37,Equity,Sector,
31.08,5.44,Equity,Sector,
31.05,2.61,Equity,Sector,
29.7,-22.43,Equity,Sector,
29.68,6.16,Equity,Sector,
29.65,-13.91,Equity,Sector,
29.55,9.14,Equity,Sector,
29.46,26.24,Equity,Sector,
29.38,-0.7,Equity,Sector,
29.34,2.62,Equity,Sector,
29.29,21.63,Equity,Sector,
29.27,28.85,Equity,Sector,
29.24,2.95,Equity,Sector,
29.21,34.11,Equity,Sector,
29.19,13.44,Equity,Sector,
29.14,-2.69,Equity,Sector,
29.13,12.11,Equity,Sector,
29.11,3.79,Equity,Sector,
29.1,24.24,Equity,Sector,
29.09,-7.9,Equity,Sector,
29.06,9.2,Equity,Sector,
21.87,-9.04,Equity,Sector,
21.86,6.62,Equity,Sector,
21.82,6.44,Equity,Sector,
21.82,3.91,Equity,Sector,
21.8,1.1,Equity,Sector,
21.8,-0.39,Equity,Sector,
21.79,18.77,Equity,Sector,
21.73,47.38,Equity,Sector,
21.73,29.84,Equity,Sector,
21.7,14.57,Equity,Sector,
21.69,14.61,Equity,Sector,
21.68,17.56,Equity,Sector,
21.65,8.75,Equity,Sector,
21.64,20.81,Equity,Sector,
21.64,37.82,Equity,Sector,
21.63,39.75,Equity,Sector,
21.63,54.41,Equity,Sector,
21.63,-7.65,Equity,Sector,
21.62,9.67,Equity,Sector,
21.62,35.48,Equity,Sector,
21.61,7.81,Equity,Sector,
21.6,54.57,Equity,Sector,
21.6,31.43,Equity,Sector,
21.58,10.55,Equity,Sector,
21.58,-2.38,Equity,Sector,
21.57,38.06,Equity,Sector,
21.56,8.1,Equity,Sector,
21.56,4.54,Equity,Sector,
21.51,6.07,Equity,Sector,
21.5,36.54,Equity,Sector,
21.5,-37.38,Equity,Sector,
21.5,13.95,Equity,Sector,
21.47,9.7,Equity,Sector,
21.44,6.32,Equity,Sector,
21.43,6.54,Equity,Sector,
21.4,44.38,Equity,Sector,
21.4,11.36,Equity,Sector,
21.37,14.29,Equity,Sector,
21.35,20.76,Equity,Sector,
21.33,33.49,Equity,Sector,
21.33,41.03,Equity,Sector,
21.3,50.49,Equity,Sector,
21.26,36.35,Equity,Sector,
21.24,21.23,Equity,Sector,
21.24,20.9,Equity,Sector,
21.23,2.21,Equity,Sector,
21.23,2.14,Equity,Sector,
21.22,-3.11,Equity,Sector,
21.21,9.61,Equity,Sector,
21.2,9.92,Equity,Sector,
21.18,0.01,Equity,Sector,
21.17,4.98,Equity,Sector,
21.16,-1.06,Equity,Sector,
21.16,2.57,Equity,Sector,
21.14,3.86,Equity,Sector,
21.13,28.09,Equity,Sector,
21.13,9.82,Equity,Sector,
21.1,6.3,Equity,Sector,
21.1,-2.26,Equity,Sector,
21.1,7.29,Equity,Sector,
21.06,16.24,Equity,Sector,
21.06,3.08,Equity,Sector,
21.06,9.6,Equity,Sector,
21.03,7.84,Equity,Sector,
21.03,2.58,Equity,Sector,
21.02,9.4,Equity,Sector,
21.02,2.52,Equity,Sector,
21.01,4.57,Equity,Sector,
20.99,2.8,Equity,Sector,
20.99,3.2,Equity,Sector,
20.99,4.34,Equity,Sector,
20.97,12.23,Equity,Sector,
20.97,14.33,Equity,Sector,
20.93,5.45,Equity,Sector,
20.92,8.88,Equity,Sector,
20.92,0.97,Equity,Sector,
20.92,3.83,Equity,Sector,
20.88,2.28,Equity,Sector,
20.88,4.86,Equity,Sector,
20.84,7.01,Equity,Sector,
20.83,3.84,Equity,Sector,
20.79,-0.03,Equity,Sector,
20.78,4.48,Equity,Sector,
20.78,10.2,Equity,Sector,
20.76,7.34,Equity,Sector,
20.75,-2.69,Equity,Sector,
20.75,20.98,Equity,Sector,
20.74,18.24,Equity,Sector,
20.71,41.66,Equity,Sector,
20.7,-1.56,Equity,Sector,
20.69,1.95,Equity,Sector,
20.67,2.13,Equity,Sector,
20.63,10.99,Equity,Sector,
20.62,4.33,Equity,Sector,
20.61,55.19,Equity,Sector,
20.56,20.21,Equity,Sector,
20.56,-39.8,Equity,Sector,
20.55,30.45,Equity,Sector,
20.54,49.71,Equity,Sector,
20.49,29.73,Equity,Sector,
20.49,38.84,Equity,Sector,
20.47,-0.07,Equity,Sector,
20.47,-5.84,Equity,Sector,
20.45,1.95,Equity,Sector,
20.43,16.49,Equity,Sector,
20.41,10.78,Equity,Sector,
20.41,3.65,Equity,Sector,
20.41,14.35,Equity,Sector,
20.4,-19.25,Equity,Sector,
20.39,-0.47,Equity,Sector,
20.38,8.58,Equity,Sector,
20.38,-0.71,Equity,Sector,
20.37,43.13,Equity,Sector,
20.37,7.27,Equity,Sector,
20.35,42.25,Equity,Sector,
20.33,39.14,Equity,Sector,
20.33,39.16,Equity,Sector,
20.31,14.59,Equity,Sector,
20.31,18.07,Equity,Sector,
20.3,13.44,Equity,Sector,
20.3,7.84,Equity,Sector,
20.28,12.73,Equity,Sector,
20.28,2.2,Equity,Sector,
20.27,0.65,Equity,Sector,
20.27,4.44,Equity,Sector,
20.26,1.34,Equity,Sector,
20.25,4.03,Equity,Sector,
20.21,41.12,Equity,Sector,
20.2,42.52,Equity,Sector,
20.18,37.53,Equity,Sector,
20.18,40.73,Equity,Sector,
20.17,46.58,Equity,Sector,
20.14,20.52,Equity,Sector,
20.14,15.44,Equity,Sector,
20.1,7.96,Equity,Sector,
20.1,9.98,Equity,Sector,
20.09,9.78,Equity,Sector,
20.09,5.97,Equity,Sector,
20.07,-4.59,Equity,Sector,
20.04,-17.98,Equity,Sector,
20.04,5.75,Equity,Sector,
20.02,22.41,Equity,Sector,
19.98,20,Equity,Sector,
19.98,13.04,Equity,Sector,
19.98,34.95,Equity,Sector,
19.98,26.91,Equity,Sector,
19.98,32.54,Equity,Sector,
19.98,11.97,Equity,Sector,
19.98,49.56,Equity,Sector,
19.96,55.36,Equity,Sector,
19.95,5.29,Equity,Sector,
19.94,-4.17,Equity,Sector,
19.93,6.6,Equity,Sector,
19.91,0.76,Equity,Sector,
19.9,2.76,Equity,Sector,
19.9,122.49,Equity,Sector,
19.89,-6.78,Equity,Sector,
19.89,-2.92,Equity,Sector,
19.88,10.47,Equity,Sector,
19.86,-0.7,Equity,Sector,
19.85,8.12,Equity,Sector,
19.83,6.06,Equity,Sector,
19.83,4.37,Equity,Sector,
19.82,15.94,Equity,Sector,
19.82,-2.32,Equity,Sector,
19.82,2.39,Equity,Sector,
19.78,33.67,Equity,Sector,
19.58,27.61,Equity,Sector,
19.58,10.88,Equity,Sector,
19.58,3.36,Equity,Sector,
19.56,3.33,Equity,Sector,
19.35,14.14,Equity,Sector,
19.34,26.36,Equity,Sector,
10.75,12.41,Equity,Sector,
10.74,12.19,Equity,Sector,
10.73,18.06,Equity,Sector,
10.71,33.15,Equity,Sector,
10.68,0.02,Equity,Sector,
10.67,-0.48,Equity,Sector,
10.67,10.78,Equity,Sector,
10.66,14.76,Equity,Sector,
10.61,63.7,Equity,Sector,
10.55,17.33,Equity,Sector,
10.53,16.78,Equity,Sector,
10.51,9.55,Equity,Sector,
10.49,12.02,Equity,Sector,
10.46,14.23,Equity,Sector,
10.43,10.27,Equity,Sector,
10.38,15.24,Equity,Sector,
10.37,34.02,Equity,Sector,
10.36,-20.27,Equity,Sector,
10.33,12.66,Equity,Sector,
10.33,16.25,Equity,Sector,
10.31,-7.87,Equity,Sector,
10.31,-9.74,Equity,Sector,
10.31,9.14,Equity,Sector,
10.31,6.96,Equity,Sector,
10.29,23.12,Equity,Sector,
10.25,20.49,Equity,Sector,
10.22,7.72,Equity,Sector,
10.18,22.16,Equity,Sector,
10.17,10.99,Equity,Sector,
10.15,9.26,Equity,Sector,
10.14,10.25,Equity,Sector,
10.1,10.96,Equity,Sector,
10.08,5.31,Equity,Sector,
10.06,17.83,Equity,Sector,
10.02,11.51,Equity,Sector,
10.02,11.51,Equity,Sector,
9.99,12.34,Equity,Sector,
9.97,14.07,Equity,Sector,
9.97,16.12,Equity,Sector,
9.96,13,Equity,Sector,
9.95,17.78,Equity,Sector,
9.94,12.37,Equity,Sector,
9.92,20.54,Equity,Sector,
9.91,9.53,Equity,Sector,
9.88,9.83,Equity,Sector,
9.84,8.98,Equity,Sector,
9.83,13.82,Equity,Sector,
9.83,7.79,Equity,Sector,
9.82,9.07,Equity,Sector,
9.76,8.18,Equity,Sector,
9.76,7.63,Equity,Sector,
9.69,10.53,Equity,Sector,
9.68,6.6,Equity,Sector,
9.59,7.18,Equity,Sector,
9.53,-0.79,Equity,Sector,
9.52,5.37,Equity,Sector,
9.51,6.23,Equity,Sector,
9.49,0.69,Equity,Sector,
9.49,1.71,Equity,Sector,
9.45,3.49,Equity,Sector,
9.44,3.51,Equity,Sector,
9.41,-3.75,Equity,Sector,
9.38,4.44,Equity,Sector,
9.38,3.94,Equity,Sector,
9.37,4.37,Equity,Sector,
9.37,-2.58,Equity,Sector,
9.36,-6.95,Equity,Sector,
9.35,-3.89,Equity,Sector,
9.35,4.36,Equity,Sector,
9.29,8.42,Equity,Sector,
9.26,14.11,Equity,Sector,
9.25,10.62,Equity,Sector,
9.2,6.54,Equity,Sector,
9.18,7.13,Equity,Sector,
9.13,6.78,Equity,Sector,
9.07,6.48,Equity,Sector,
9.03,15.73,Equity,Sector,
9.02,11.96,Equity,Sector,
9.02,0.6,Equity,Sector,
9.01,6.75,Equity,Sector,
9,9.39,Equity,Sector,
8.99,6.28,Equity,Sector,
8.98,15.9,Equity,Sector,
8.96,20.56,Equity,Sector,
8.91,15.51,Equity,Sector,
8.91,21.23,Equity,Sector,
8.89,13.77,Equity,Sector,
8.89,11.12,Equity,Sector,
8.86,10.75,Equity,Sector,
8.82,10.12,Equity,Sector,
8.78,12.36,Equity,Sector,
8.78,11.69,Equity,Sector,
8.72,12.52,Equity,Sector,
8.71,15.83,Equity,Sector,
8.6,16.28,Equity,Sector,
8.55,17.56,Equity,Sector,
8.48,13.48,Equity,Sector,
8.48,16.02,Equity,Sector,
8.45,10.74,Equity,Sector,
8.41,9.83,Equity,Sector,
8.32,26.36,Equity,Sector,
8.32,8.96,Equity,Sector,
8.28,22.91,Equity,Sector,
8.27,15.08,Equity,Sector,
8.22,11.74,Equity,Sector,
8.11,11.63,Equity,Sector,
8.1,11.13,Equity,Sector,
8.1,10.38,Equity,Sector,
8.09,9.81,Equity,Sector,
8.08,13.98,Equity,Sector,
8.04,10.84,Equity,Sector,
8.03,15.67,Equity,Sector,
8.02,10.83,Equity,Sector,
8,32.17,Equity,Sector,
8,17.21,Equity,Sector,
7.92,15.14,Equity,Sector,
7.85,15.55,Equity,Sector,
7.85,17.82,Equity,Sector,
7.84,13.95,Equity,Sector,
7.83,15.24,Equity,Sector,
7.78,16.17,Equity,Sector,
7.78,16.31,Equity,Sector,
7.74,18.19,Equity,Sector,
7.73,14.9,Equity,Sector,
7.72,26.32,Equity,Sector,
7.64,31.13,Equity,Sector,
7.63,22.92,Equity,Sector,
7.62,45.73,Equity,Sector,
7.6,37.5,Equity,Sector,
7.57,6.81,Equity,Sector,
7.56,17.78,Equity,Sector,
7.53,17.56,Equity,Sector,
7.5,13.74,Equity,Sector,
7.48,8.38,Equity,Sector,
7.46,6.26,Equity,Sector,
7.38,29.27,Equity,Sector,
7.37,19.82,Equity,Sector,
7.37,25.41,Equity,Sector,
7.34,11.91,Equity,Sector,
7.33,27.9,Equity,Sector,
7.29,25.25,Equity,Sector,
7.29,11.21,Equity,Sector,
7.28,11.81,Equity,Sector,
7.27,10.88,Equity,Sector,
7.25,9.32,Equity,Sector,
7.21,10.56,Equity,Sector,
7.19,9.9,Equity,Sector,
7.16,13.07,Equity,Sector,
7.14,8.89,Equity,Sector,
7.13,9.24,Equity,Sector,
7.07,11.87,Equity,Sector,
7.04,14.99,Equity,Sector,
7.03,7.45,Equity,Sector,
7.02,24.13,Equity,Sector,
7,-28.11,Equity,Sector,
6.99,-15.2,Equity,Sector,
6.98,-11.27,Equity,Sector,
6.97,-18.82,Equity,Sector,
6.95,-0.33,Equity,Sector,
6.92,-2.59,Equity,Sector,
6.91,-5.67,Equity,Sector,
6.91,-1.41,Equity,Sector,
6.87,-1.88,Equity,Sector,
6.85,-6.67,Equity,Sector,
6.85,-5.02,Equity,Sector,
6.78,3.48,Equity,Sector,
6.76,47.52,Equity,Sector,
6.7,36.92,Equity,Sector,
6.68,39.48,Equity,Sector,
6.65,32.29,Equity,Sector,
6.64,-5.64,Equity,Sector,
6.63,-0.16,Equity,Sector,
6.59,-0.4,Equity,Sector,
6.56,6.13,Equity,Sector,
6.54,-2.94,Equity,Sector,
6.54,3.59,Equity,Sector,
6.54,6.5,Equity,Sector,
6.48,5.67,Equity,Sector,
6.46,9.32,Equity,Sector,
6.44,12.31,Equity,Sector,
6.44,10.2,Equity,Sector,
6.44,7.27,Equity,Sector,
6.39,12.62,Equity,Sector,
6.37,8.85,Equity,Sector,
6.36,7.66,Equity,Sector,
6.35,6.4,Equity,Sector,
6.26,5.9,Equity,Sector,
6.26,10.76,Equity,Sector,
6.22,4.93,Equity,Sector,
6.2,8.2,Equity,Sector,
6.18,13.03,Equity,Sector,
6.16,6.28,Equity,Sector,
6.12,7.5,Equity,Sector,
6.11,5.01,Equity,Sector,
6.1,5.82,Equity,Sector,
6.08,12.03,Equity,Sector,
6.03,10.02,Equity,Sector,
6.02,10.28,Equity,Sector,
5.99,6.81,Equity,Sector,
5.96,7.19,Equity,Sector,
5.91,6.25,Equity,Sector,
5.89,5.36,Equity,Sector,
5.88,10.16,Equity,Sector,
5.81,1.4,Equity,Sector,
5.8,5.64,Equity,Sector,
5.77,6.47,Equity,Sector,
5.72,29.76,Equity,Sector,
5.71,68.83,Equity,Sector,
5.71,16.85,Equity,Sector,
5.69,53.89,Equity,Sector,
5.67,26.97,Equity,Sector,
5.67,18.61,Equity,Sector,
5.65,17.45,Equity,Sector,
5.65,17.57,Equity,Sector,
5.65,29.49,Equity,Sector,
5.62,16.58,Equity,Sector,
5.61,56.17,Equity,Sector,
5.6,21.15,Equity,Sector,
5.59,20.61,Equity,Sector,
5.59,13.23,Equity,Sector,
5.58,16.35,Equity,Sector,
5.57,3.63,Equity,Sector,
5.57,8.41,Equity,Sector,
5.54,12.02,Equity,Sector,
5.54,15.85,Equity,Sector,
5.53,10.83,Equity,Sector,
5.52,4.99,Equity,Sector,
5.52,4.74,Equity,Sector,
5.52,5.51,Equity,Sector,
5.51,5.73,Equity,Sector,
5.5,5.6,Equity,Sector,
5.49,5.92,Equity,Sector,
5.48,5.69,Equity,Sector,
5.46,6.94,Equity,Sector,
5.46,8.05,Equity,Sector,
5.45,12.17,Equity,Sector,
5.44,9.59,Equity,Sector,
32.98,-1.91,Equity,Style,
32.9,8.01,Equity,Style,
29.71,3.22,Equity,Style,
22.63,4.71,Equity,Style,
22.63,14.35,Equity,Style,
22.59,0.49,Equity,Style,
22.58,-3.57,Equity,Style,
22.58,1.56,Equity,Style,
22.56,10.65,Equity,Style,
22.55,4.95,Equity,Style,
22.52,6.79,Equity,Style,
22.5,31.88,Equity,Style,
22.5,33.43,Equity,Style,
22.5,20.69,Equity,Style,
22.48,20.32,Equity,Style,
22.43,32.82,Equity,Style,
22.39,7.34,Equity,Style,
22.39,6.88,Equity,Style,
22.09,39.98,Equity,Style,
22.08,11.61,Equity,Style,
22,17.73,Equity,Style,
22,21.66,Equity,Style,
21.99,9.67,Equity,Style,
21.98,2.05,Equity,Style,
21.95,4.2,Equity,Style,
19.42,6.85,Equity,Style,
19.41,7.68,Equity,Style,
19.4,7.4,Equity,Style,
19.4,14.97,Equity,Style,
19.35,0.17,Equity,Style,
18.41,6.28,Equity,Style,
18.39,19.36,Equity,Style,
18.38,8.69,Equity,Style,
18.36,5.24,Equity,Style,
18.35,31.57,Equity,Style,
18.34,15.08,Equity,Style,
18.34,6.32,Equity,Style,
18.31,4.16,Equity,Style,
18.3,7.33,Equity,Style,
18.28,4.14,Equity,Style,
18.27,5.77,Equity,Style,
18.25,4.6,Equity,Style,
18.2,-1.69,Equity,Style,
18.19,6.33,Equity,Style,
18.18,6.32,Equity,Style,
18.16,7.41,Equity,Style,
18.16,12.18,Equity,Style,
18.14,28.71,Equity,Style,
18.12,6.72,Equity,Style,
18.11,28.24,Equity,Style,
18.1,-23.1,Equity,Style,
18.09,7.55,Equity,Style,
18.07,9.85,Equity,Style,
18.05,16.9,Equity,Style,
18.04,14.32,Equity,Style,
18,15.21,Equity,Style,
18,11.03,Equity,Style,
17.96,10.57,Equity,Style,
17.94,11.72,Equity,Style,
17.93,24.68,Equity,Style,
17.92,9.26,Equity,Style,
17.9,19.69,Equity,Style,
17.9,10.94,Equity,Style,
17.89,20.37,Equity,Style,
17.86,16.73,Equity,Style,
17.76,14.49,Equity,Style,
17.73,21.43,Equity,Style,
17.71,9.58,Equity,Style,
17.68,14.33,Equity,Style,
17.68,10.3,Equity,Style,
17.66,12.59,Equity,Style,
17.66,10.38,Equity,Style,
17.66,16.28,Equity,Style,
17.65,13.77,Equity,Style,
17.65,10.55,Equity,Style,
17.65,15.01,Equity,Style,
17.64,13.93,Equity,Style,
17.64,39.36,Equity,Style,
17.63,11.13,Equity,Style,
17.63,16.59,Equity,Style,
17.62,19.68,Equity,Style,
17.6,10.15,Equity,Style,
17.59,13.59,Equity,Style,
17.57,14.6,Equity,Style,
17.57,13.46,Equity,Style,
17.56,11.21,Equity,Style,
17.55,11.27,Equity,Style,
17.54,9.03,Equity,Style,
17.52,17.86,Equity,Style,
17.5,10.33,Equity,Style,
17.48,22.89,Equity,Style,
17.47,11.64,Equity,Style,
17.46,9.34,Equity,Style,
17.45,10.18,Equity,Style,
17.41,19.81,Equity,Style,
17.39,15.28,Equity,Style,
17.39,9.39,Equity,Style,
17.36,9.81,Equity,Style,
17.35,9.91,Equity,Style,
17.35,15.21,Equity,Style,
17.34,9.99,Equity,Style,
17.33,15.04,Equity,Style,
17.32,9.61,Equity,Style,
17.32,9.58,Equity,Style,
17.31,18.21,Equity,Style,
17.31,8.66,Equity,Style,
17.3,6.73,Equity,Style,
17.3,17.4,Equity,Style,
17.27,20.79,Equity,Style,
17.25,16.05,Equity,Style,
17.24,11.4,Equity,Style,
17.24,10.6,Equity,Style,
17.23,9.38,Equity,Style,
17.22,27.17,Equity,Style,
17.19,11.5,Equity,Style,
17.18,13.96,Equity,Style,
17.17,9.55,Equity,Style,
17.17,10.82,Equity,Style,
17.16,8.8,Equity,Style,
17.15,19.33,Equity,Style,
17.13,60.53,Equity,Style,
17.11,10.52,Equity,Style,
17.07,32.88,Equity,Style,
17.06,7.75,Equity,Style,
17.05,12.1,Equity,Style,
17.02,17.26,Equity,Style,
17.01,17.59,Equity,Style,
17,12.04,Equity,Style,
17,18.46,Equity,Style,
17,11.73,Equity,Style,
16.98,4.9,Equity,Style,
16.97,30.61,Equity,Style,
16.95,12.79,Equity,Style,
16.93,6.97,Equity,Style,
16.92,10.23,Equity,Style,
16.9,11.05,Equity,Style,
16.9,23.43,Equity,Style,
16.9,10.01,Equity,Style,
16.89,9.81,Equity,Style,
16.88,15.13,Equity,Style,
16.87,10.29,Equity,Style,
16.86,31.64,Equity,Style,
16.81,32.14,Equity,Style,
16.8,16.47,Equity,Style,
16.8,11.73,Equity,Style,
16.79,15.21,Equity,Style,
16.78,25.61,Equity,Style,
16.78,14.21,Equity,Style,
16.76,6.36,Equity,Style,
16.75,27.11,Equity,Style,
16.74,15.27,Equity,Style,
16.74,10.88,Equity,Style,
16.73,4.41,Equity,Style,
16.73,12.24,Equity,Style,
16.73,13.62,Equity,Style,
16.73,16.41,Equity,Style,
16.73,17.24,Equity,Style,
16.72,13.11,Equity,Style,
16.71,15.34,Equity,Style,
16.69,16.39,Equity,Style,
16.68,14.03,Equity,Style,
16.67,12.51,Equity,Style,
16.66,0.48,Equity,Style,
16.66,29.27,Equity,Style,
16.65,13.25,Equity,Style,
16.65,10.58,Equity,Style,
16.64,15.01,Equity,Style,
16.62,15.82,Equity,Style,
16.62,29.15,Equity,Style,
16.61,27.87,Equity,Style,
16.6,9.26,Equity,Style,
16.58,13.58,Equity,Style,
16.58,14.18,Equity,Style,
16.56,16.99,Equity,Style,
16.56,13.05,Equity,Style,
16.55,16.43,Equity,Style,
16.54,8.15,Equity,Style,
16.53,12,Equity,Style,
16.52,10.45,Equity,Style,
16.51,11.47,Equity,Style,
16.5,10.7,Equity,Style,
16.49,12.37,Equity,Style,
16.47,13.48,Equity,Style,
16.47,32.41,Equity,Style,
16.46,10.8,Equity,Style,
16.45,18.98,Equity,Style,
16.42,10.15,Equity,Style,
16.4,4.21,Equity,Style,
16.4,14.16,Equity,Style,
16.38,5.35,Equity,Style,
16.38,14.37,Equity,Style,
16.38,30.82,Equity,Style,
16.37,2,Equity,Style,
16.36,17.57,Equity,Style,
16.35,43.79,Equity,Style,
16.34,33.73,Equity,Style,
16.33,31.16,Equity,Style,
16.33,9.98,Equity,Style,
16.32,34.03,Equity,Style,
16.31,27.82,Equity,Style,
16.29,17.54,Equity,Style,
16.29,29.43,Equity,Style,
16.28,9.86,Equity,Style,
16.26,31.85,Equity,Style,
16.26,22.08,Equity,Style,
16.25,29.59,Equity,Style,
16.23,16.61,Equity,Style,
16.19,-1.28,Equity,Style,
16.19,20.8,Equity,Style,
16.19,1.06,Equity,Style,
16.15,17.53,Equity,Style,
16.12,9.98,Equity,Style,
16.12,8.43,Equity,Style,
16.08,30.28,Equity,Style,
16.08,8.52,Equity,Style,
16.07,20.15,Equity,Style,
16.07,15.79,Equity,Style,
16.07,18,Equity,Style,
16.07,16.52,Equity,Style,
16.06,24.54,Equity,Style,
16.04,22.08,Equity,Style,
16.04,30.83,Equity,Style,
16.03,25,Equity,Style,
16.03,23.61,Equity,Style,
16.02,24.06,Equity,Style,
16,28.57,Equity,Style,
16,13.86,Equity,Style,
15.99,23.01,Equity,Style,
15.96,12.84,Equity,Style,
15.95,10.68,Equity,Style,
15.94,0.24,Equity,Style,
15.93,21.08,Equity,Style,
15.92,26.72,Equity,Style,
15.91,12.51,Equity,Style,
15.9,22.18,Equity,Style,
15.9,14.86,Equity,Style,
15.89,22.74,Equity,Style,
15.87,7.04,Equity,Style,
15.86,23.16,Equity,Style,
15.85,10.93,Equity,Style,
15.85,11.12,Equity,Style,
15.84,25.2,Equity,Style,
15.8,3.25,Equity,Style,
15.8,20.47,Equity,Style,
15.79,5.04,Equity,Style,
15.79,6.15,Equity,Style,
15.79,12.74,Equity,Style,
15.77,6.79,Equity,Style,
15.75,15.73,Equity,Style,
15.74,15.21,Equity,Style,
15.73,10.07,Equity,Style,
15.72,11.08,Equity,Style,
15.72,9.3,Equity,Style,
15.7,10.05,Equity,Style,
15.7,13.05,Equity,Style,
15.69,8.41,Equity,Style,
15.69,10.13,Equity,Style,
15.69,6.11,Equity,Style,
15.69,14.52,Equity,Style,
15.68,17.48,Equity,Style,
15.66,13.71,Equity,Style,
15.66,13.63,Equity,Style,
15.65,8.24,Equity,Style,
15.65,6.39,Equity,Style,
15.65,11.28,Equity,Style,
15.64,12.63,Equity,Style,
15.63,24.8,Equity,Style,
15.62,14.5,Equity,Style,
15.62,14.66,Equity,Style,
15.56,13.62,Equity,Style,
15.56,9.24,Equity,Style,
15.55,13.95,Equity,Style,
15.55,7.89,Equity,Style,
15.55,12.31,Equity,Style,
15.54,16.38,Equity,Style,
15.54,13.18,Equity,Style,
15.53,11.21,Equity,Style,
15.53,17.76,Equity,Style,
15.51,7.4,Equity,Style,
15.51,9.22,Equity,Style,
15.48,7.93,Equity,Style,
15.48,9.19,Equity,Style,
15.46,19.53,Equity,Style,
15.46,7.05,Equity,Style,
15.44,9.23,Equity,Style,
15.43,16.8,Equity,Style,
15.42,11.69,Equity,Style,
15.41,7.56,Equity,Style,
15.4,8.8,Equity,Style,
15.4,6.84,Equity,Style,
15.4,13.04,Equity,Style,
15.39,9.79,Equity,Style,
15.39,3.78,Equity,Style,
15.38,4.21,Equity,Style,
15.36,6.72,Equity,Style,
15.36,8.21,Equity,Style,
15.33,5.79,Equity,Style,
15.32,8.81,Equity,Style,
15.25,11.21,Equity,Style,
15.22,7.07,Equity,Style,
15.19,13.94,Equity,Style,
15.18,11.91,Equity,Style,
15.17,12.77,Equity,Style,
15.17,11.89,Equity,Style,
15.16,12.74,Equity,Style,
15.15,14.96,Equity,Style,
15.13,39.78,Equity,Style,
15.13,12.4,Equity,Style,
15.11,17.38,Equity,Style,
15.11,11.91,Equity,Style,
15.08,22.85,Equity,Style,
15.08,23.77,Equity,Style,
15.07,27.34,Equity,Style,
15.06,17.41,Equity,Style,
15.06,16.72,Equity,Style,
15.03,17.38,Equity,Style,
14.99,16.03,Equity,Style,
14.95,35.7,Equity,Style,
14.94,20.23,Equity,Style,
14.94,10.06,Equity,Style,
14.94,6.64,Equity,Style,
14.93,5.97,Equity,Style,
14.91,12.5,Equity,Style,
14.9,12.25,Equity,Style,
14.85,9.98,Equity,Style,
14.83,8.91,Equity,Style,
14.81,7.07,Equity,Style,
14.8,7.06,Equity,Style,
14.78,7.32,Equity,Style,
14.74,6.82,Equity,Style,
14.73,11.27,Equity,Style,
14.7,14.16,Equity,Style,
14.68,8.12,Equity,Style,
14.68,33.13,Equity,Style,
14.67,8.03,Equity,Style,
14.66,9.78,Equity,Style,
14.61,5.15,Equity,Style,
14.6,9.76,Equity,Style,
14.59,9.81,Equity,Style,
14.59,9.86,Equity,Style,
14.57,9.44,Equity,Style,
14.57,29.57,Equity,Style,
14.55,24.89,Equity,Style,
14.54,17.35,Equity,Style,
14.52,26.99,Equity,Style,
14.5,9.36,Equity,Style,
14.5,9.3,Equity,Style,
14.47,13.99,Equity,Style,
14.46,11.28,Equity,Style,
14.44,11.24,Equity,Style,
14.42,11.81,Equity,Style,
14.41,43.5,Equity,Style,
14.4,26.12,Equity,Style,
14.38,8.76,Equity,Style,
14.34,7.83,Equity,Style,
14.33,9.55,Equity,Style,
14.32,11.31,Equity,Style,
14.32,13.02,Equity,Style,
14.32,10.79,Equity,Style,
14.23,10.58,Equity,Style,
14.22,10.58,Equity,Style,
14.2,10.51,Equity,Style,
14.17,36.14,Equity,Style,
14.16,12.26,Equity,Style,
14.15,10.6,Equity,Style,
14.15,38.37,Equity,Style,
14.13,-1.67,Equity,Style,
14.12,12.16,Equity,Style,
14.12,24.4,Equity,Style,
14.11,15.25,Equity,Style,
14.09,14.86,Equity,Style,
14.03,12.07,Equity,Style,
14.01,27.41,Equity,Style,
14.01,12.73,Equity,Style,
13.97,29,Equity,Style,
13.97,10.95,Equity,Style,
13.96,36.63,Equity,Style,
13.96,8.13,Equity,Style,
13.94,9.67,Equity,Style,
13.94,23.91,Equity,Style,
13.94,12.66,Equity,Style,
13.94,12.36,Equity,Style,
13.93,11.44,Equity,Style,
13.93,13.7,Equity,Style,
13.93,26.54,Equity,Style,
13.9,12.46,Equity,Style,
13.9,11.61,Equity,Style,
13.9,18.74,Equity,Style,
13.89,15.12,Equity,Style,
13.88,12.59,Equity,Style,
13.88,11.04,Equity,Style,
13.87,10.92,Equity,Style,
13.87,9.22,Equity,Style,
13.87,10.3,Equity,Style,
13.86,8.35,Equity,Style,
13.86,8.63,Equity,Style,
13.8,8.54,Equity,Style,
13.8,9.41,Equity,Style,
13.8,8.9,Equity,Style,
13.79,11.45,Equity,Style,
13.77,28.85,Equity,Style,
13.77,19.72,Equity,Style,
13.76,18,Equity,Style,
13.76,13.22,Equity,Style,
13.75,17.57,Equity,Style,
13.75,11.34,Equity,Style,
13.74,43.23,Equity,Style,
13.74,12.09,Equity,Style,
13.72,18.29,Equity,Style,
13.7,13.44,Equity,Style,
13.67,47.72,Equity,Style,
13.67,11.6,Equity,Style,
13.67,11.96,Equity,Style,
13.67,15.44,Equity,Style,
13.66,14.49,Equity,Style,
13.65,14.25,Equity,Style,
13.64,12.27,Equity,Style,
13.64,12.05,Equity,Style,
13.63,11.06,Equity,Style,
13.62,0.5,Equity,Style,
13.61,9.87,Equity,Style,
13.6,12.93,Equity,Style,
13.58,14.99,Equity,Style,
13.57,12.83,Equity,Style,
13.57,46.49,Equity,Style,
13.53,16.03,Equity,Style,
13.5,10.48,Equity,Style,
13.5,11.12,Equity,Style,
13.49,10.56,Equity,Style,
13.48,3.38,Equity,Style,
13.48,5.99,Equity,Style,
13.45,11.7,Equity,Style,
13.45,41.38,Equity,Style,
13.42,10.92,Equity,Style,
13.41,39.96,Equity,Style,
13.38,11.01,Equity,Style,
13.38,9.77,Equity,Style,
13.37,9.99,Equity,Style,
13.37,10.76,Equity,Style,
13.36,31.78,Equity,Style,
13.34,12.73,Equity,Style,
13.33,13.62,Equity,Style,
13.33,9.67,Equity,Style,
13.31,8.56,Equity,Style,
13.3,10.64,Equity,Style,
13.28,12.16,Equity,Style,
13.27,13.43,Equity,Style,
13.27,8.49,Equity,Style,
13.27,9.13,Equity,Style,
13.27,8.22,Equity,Style,
13.26,53.17,Equity,Style,
13.24,9.28,Equity,Style,
13.22,9.15,Equity,Style,
13.22,11.6,Equity,Style,
13.2,20.18,Equity,Style,
13.2,8.86,Equity,Style,
13.2,6.18,Equity,Style,
13.2,5.9,Equity,Style,
13.16,12.28,Equity,Style,
13.16,27.79,Equity,Style,
13.15,12.1,Equity,Style,
13.12,15.84,Equity,Style,
13.1,11.78,Equity,Style,
13.1,20.01,Equity,Style,
13.07,12.67,Equity,Style,
13.07,12.04,Equity,Style,
13.06,12.07,Equity,Style,
13.03,13.79,Equity,Style,
12.98,14.28,Equity,Style,
12.98,51.63,Equity,Style,
12.97,10.86,Equity,Style,
12.94,13.97,Equity,Style,
12.92,10.83,Equity,Style,
12.91,15.01,Equity,Style,
12.89,12.38,Equity,Style,
12.86,8.47,Equity,Style,
12.86,9.06,Equity,Style,
12.86,10.02,Equity,Style,
12.86,8.16,Equity,Style,
12.84,12.78,Equity,Style,
12.84,9,Equity,Style,
12.82,10.48,Equity,Style,
12.81,37.53,Equity,Style,
12.8,18.04,Equity,Style,
12.79,19.09,Equity,Style,
12.78,46.36,Equity,Style,
12.78,13.97,Equity,Style,
12.77,10.2,Equity,Style,
12.76,5.92,Equity,Style,
12.74,19.27,Equity,Style,
12.72,27.19,Equity,Style,
12.7,11.74,Equity,Style,
12.68,10.91,Equity,Style,
12.64,16.42,Equity,Style,
12.64,22.17,Equity,Style,
12.64,19.96,Equity,Style,
12.62,10.88,Equity,Style,
12.61,18.18,Equity,Style,
12.6,13.86,Equity,Style,
12.59,15.05,Equity,Style,
12.57,14.48,Equity,Style,
12.53,25.62,Equity,Style,
12.53,9.01,Equity,Style,
12.53,-17.1,Equity,Style,
12.5,9.4,Equity,Style,
12.5,8.11,Equity,Style,
12.49,8.08,Equity,Style,
12.48,20.76,Equity,Style,
12.46,11.24,Equity,Style,
12.44,8.44,Equity,Style,
12.43,11.54,Equity,Style,
12.43,7.72,Equity,Style,
12.41,2.35,Equity,Style,
12.39,14.3,Equity,Style,
12.39,14.82,Equity,Style,
12.38,14.31,Equity,Style,
12.35,9.23,Equity,Style,
12.32,11.53,Equity,Style,
12.32,32.76,Equity,Style,
12.31,14.25,Equity,Style,
12.3,9.22,Equity,Style,
12.26,18.88,Equity,Style,
12.25,8.19,Equity,Style,
12.24,3.2,Equity,Style,
12.23,13.16,Equity,Style,
12.22,9.94,Equity,Style,
12.19,28.86,Equity,Style,
12.18,11.36,Equity,Style,
12.17,9.89,Equity,Style,
12.17,10.01,Equity,Style,
12.15,9.86,Equity,Style,
12.1,6.71,Equity,Style,
12.09,9.91,Equity,Style,
12.07,9.85,Equity,Style,
12.05,9.91,Equity,Style,
12.05,25.76,Equity,Style,
12.03,16.83,Equity,Style,
12.03,23.23,Equity,Style,
12.02,10.75,Equity,Style,
12.01,32.93,Equity,Style,
12,23.47,Equity,Style,
12,16.36,Equity,Style,
11.99,9.81,Equity,Style,
11.98,12.18,Equity,Style,
11.97,23.65,Equity,Style,
11.96,18.69,Equity,Style,
11.96,23.97,Equity,Style,
11.96,13.75,Equity,Style,
11.95,14.77,Equity,Style,
11.93,14.79,Equity,Style,
11.93,22.09,Equity,Style,
11.92,10.04,Equity,Style,
11.91,23.47,Equity,Style,
11.9,11.65,Equity,Style,
11.89,16.32,Equity,Style,
11.88,10.36,Equity,Style,
11.87,12.26,Equity,Style,
11.85,6.86,Equity,Style,
11.85,16.87,Equity,Style,
11.85,11.24,Equity,Style,
11.8,30.04,Equity,Style,
11.8,25.97,Equity,Style,
11.75,12.52,Equity,Style,
11.73,8.68,Equity,Style,
11.71,11.91,Equity,Style,
11.71,12.82,Equity,Style,
11.69,16.89,Equity,Style,
11.68,27.78,Equity,Style,
11.67,15.63,Equity,Style,
11.63,21.62,Equity,Style,
11.63,30.7,Equity,Style,
11.62,7.84,Equity,Style,
11.57,6.79,Equity,Style,
11.56,13.15,Equity,Style,
11.53,9.02,Equity,Style,
11.52,6.92,Equity,Style,
11.51,13.56,Equity,Style,
11.51,16.15,Equity,Style,
11.51,11.32,Equity,Style,
11.47,21.59,Equity,Style,
11.44,13.65,Equity,Style,
11.44,17.91,Equity,Style,
11.43,14.09,Equity,Style,
11.42,12.99,Equity,Style,
11.42,13.46,Equity,Style,
11.39,8.47,Equity,Style,
11.39,17.53,Equity,Style,
11.38,11.78,Equity,Style,
11.35,35.15,Equity,Style,
11.32,11.01,Equity,Style,
11.32,31.82,Equity,Style,
11.31,14.2,Equity,Style,
11.29,6.63,Equity,Style,
11.28,1.3,Equity,Style,
11.28,31.9,Equity,Style,
11.27,22.92,Equity,Style,
11.21,21.53,Equity,Style,
11.12,11.21,Equity,Style,
11.12,28.96,Equity,Style,
11.1,23.68,Equity,Style,
11.1,25.74,Equity,Style,
11.08,31.59,Equity,Style,
11.06,12.6,Equity,Style,
11.06,32.61,Equity,Style,
11.04,12.74,Equity,Style,
11.03,12.15,Equity,Style,
11.03,16.52,Equity,Style,
10.93,13.98,Equity,Style,
10.92,10.36,Equity,Style,
10.91,9.91,Equity,Style,
10.9,6.91,Equity,Style,
10.9,5.36,Equity,Style,
10.84,7.31,Equity,Style,
10.84,10.93,Equity,Style,
10.83,9.41,Equity,Style,
10.82,5.6,Equity,Style,
10.81,13.18,Equity,Style,
10.8,16.9,Equity,Style,
10.77,19.06,Equity,Style,
24.37,27.33,Equity,Theme,
24.37,20.32,Equity,Theme,
24.36,10.24,Equity,Theme,
24.34,1.74,Equity,Theme,
24.3,3.23,Equity,Theme,
24.29,20.95,Equity,Theme,
24.29,30.67,Equity,Theme,
24.28,14.83,Equity,Theme,
21.92,46.27,Equity,Theme,
21.89,12.65,Equity,Theme,
21.88,25.97,Equity,Theme,
19.78,-17.4,Equity,Theme,
19.78,13.76,Equity,Theme,
19.76,9.99,Equity,Theme,
19.75,7.46,Equity,Theme,
19.73,5.44,Equity,Theme,
19.71,6.28,Equity,Theme,
19.71,9.39,Equity,Theme,
19.7,6.66,Equity,Theme,
19.69,29.59,Equity,Theme,
19.68,15.96,Equity,Theme,
19.66,57.85,Equity,Theme,
19.63,28.02,Equity,Theme,
19.63,24.15,Equity,Theme,
19.61,15.36,Equity,Theme,
19.58,29.22,Equity,Theme,
19.56,13.4,Equity,Theme,
19.56,15.46,Equity,Theme,
19.55,10.13,Equity,Theme,
19.54,8.16,Equity,Theme,
19.52,10.58,Equity,Theme,
19.51,1.2,Equity,Theme,
19.51,51.78,Equity,Theme,
19.49,46.04,Equity,Theme,
19.49,30.27,Equity,Theme,
19.46,44.19,Equity,Theme,
19.45,6.12,Equity,Theme,
19.45,7.82,Equity,Theme,
2.15,16.01,Fixed Income,High Yield,
2.13,8.67,Fixed Income,High Yield,
2.13,0.05,Fixed Income,IG,Corporate
2.11,-0.08,Fixed Income,IG,Corporate
2.09,0.35,Fixed Income,IG,Corporate
2.06,-0.96,Fixed Income,IG,Corporate
2.06,0.61,Fixed Income,IG,Corporate
2.05,1.35,Fixed Income,IG,Corporate
2.04,0.31,Fixed Income,IG,Corporate
2.04,0.7,Fixed Income,IG,Corporate
2.03,6.33,Fixed Income,IG,Corporate
2.02,-0.34,Fixed Income,IG,Corporate
2,3.86,Fixed Income,IG,Corporate
5.42,1.48,Fixed Income,Country,
5.41,2.18,Fixed Income,Country,
5.41,0.34,Fixed Income,Country,
5.39,-0.05,Fixed Income,Country,
4.28,0.81,Fixed Income,Country,
4.26,1.04,Fixed Income,Country,
4.24,0.53,Fixed Income,Country,
4.24,0.06,Fixed Income,Country,
4.23,9.35,Fixed Income,Country,
4.22,1.59,Fixed Income,Country,
4.22,0.76,Fixed Income,Country,
4.21,-0.08,Fixed Income,Country,
4.18,0.28,Fixed Income,Country,
4.18,-1.88,Fixed Income,Country,
4.16,0.81,Fixed Income,Country,
4.16,-1.28,Fixed Income,Country,
4.16,2.62,Fixed Income,Country,
4.13,0.83,Fixed Income,Country,
4.12,0.39,Fixed Income,Country,
4.05,-1.61,Fixed Income,Country,
4.04,1.62,Fixed Income,Country,
4.01,1.83,Fixed Income,Country,
4.01,1.2,Fixed Income,Country,
4,0.71,Fixed Income,Country,
4,0.27,Fixed Income,Country,
3.99,1.76,Fixed Income,Country,
3.97,2.4,Fixed Income,Country,
3.93,0.58,Fixed Income,Country,
3.91,0.87,Fixed Income,Country,
3.91,-1.11,Fixed Income,Country,
3.91,1.29,Fixed Income,Country,
3.89,0.79,Fixed Income,Country,
3.89,0.84,Fixed Income,Country,
3.87,0.17,Fixed Income,Country,
3.84,2.48,Fixed Income,Country,
3.84,0.49,Fixed Income,Country,
3.83,-2.63,Fixed Income,Country,
3.82,-2.48,Fixed Income,Country,
3.81,-0.01,Fixed Income,Country,
3.8,0.24,Fixed Income,Country,
3.8,-0.01,Fixed Income,Country,
3.8,1.21,Fixed Income,Country,
3.78,1.43,Fixed Income,Country,
3.77,0.97,Fixed Income,Country,
3.77,2.56,Fixed Income,Country,
3.76,-2.58,Fixed Income,Country,
3.76,0.6,Fixed Income,Country,
3.74,0.21,Fixed Income,Country,
3.73,0.65,Fixed Income,Country,
3.71,0.48,Fixed Income,Country,
3.71,-0.86,Fixed Income,Country,
3.7,-0.28,Fixed Income,Country,
3.67,0.1,Fixed Income,Country,
3.66,0.13,Fixed Income,Country,
3.64,-0.05,Fixed Income,Country,
3.64,0.11,Fixed Income,Country,
3.63,0.26,Fixed Income,Country,
3.62,0.33,Fixed Income,Country,
3.62,0.11,Fixed Income,Country,
3.61,-0.08,Fixed Income,Country,
3.59,3.16,Fixed Income,Country,
3.58,0.48,Fixed Income,Country,
3.58,1.21,Fixed Income,Country,
3.55,0.23,Fixed Income,Country,
3.53,-0.67,Fixed Income,Country,
3.48,-0.02,Fixed Income,Country,
1.99,0.78,Fixed Income,Country,
1.98,-0.76,Fixed Income,Country,
1.96,1.45,Fixed Income,Country,
1.58,2.41,Fixed Income,Country,
1.02,1.11,Fixed Income,Country,
1.01,0.19,Fixed Income,Country,
0.94,2.64,Fixed Income,Country,
0.92,0.66,Fixed Income,Country,
0.91,-4.18,Fixed Income,Country,
0.89,-1.13,Fixed Income,Country,
0.87,0.05,Fixed Income,Country,
0.85,2.06,Fixed Income,Country,
0.84,1.21,Fixed Income,Country,
0.84,0.93,Fixed Income,Country,
0.78,1.81,Fixed Income,Country,
0.77,1.26,Fixed Income,Country,
0.77,-4.76,Fixed Income,Country,
0.72,-3.37,Fixed Income,Country,
0.7,-2.51,Fixed Income,Country,
0.69,-4.1,Fixed Income,Country,
0.65,-1.82,Fixed Income,Country,
0.6,-5.23,Fixed Income,Country,
0.59,8.04,Fixed Income,Country,
0.58,4.42,Fixed Income,Country,
0.57,3.91,Fixed Income,Country,
0.53,3.48,Fixed Income,Country,
0.53,3.92,Fixed Income,Country,
0.51,-5.09,Fixed Income,Country,
0.48,2.99,Fixed Income,Country,
0.44,-7.72,Fixed Income,Country,
0.43,-3.24,Fixed Income,Country,
0.39,-1.08,Fixed Income,Country,
0.36,0.17,Fixed Income,Country,
0.34,0.39,Fixed Income,Country,
0.3,-1.01,Fixed Income,Country,
0.28,0.14,Fixed Income,Country,
0.24,0.19,Fixed Income,Country,
0.22,-0.53,Fixed Income,Country,
0.22,-0.01,Fixed Income,Country,
0.21,0.01,Fixed Income,Country,
0.18,0.06,Fixed Income,Country,
0.15,-0.53,Fixed Income,Country,
0.15,-0.03,Fixed Income,Country,
0.13,-0.08,Fixed Income,Country,
0.09,0,Fixed Income,Country,
0.05,1.31,Fixed Income,Country,
0.01,3.26,Fixed Income,Country,
3.45,0.9,Fixed Income,High Yield,
3.44,0.01,Fixed Income,High Yield,
3.43,-3.71,Fixed Income,High Yield,
3.42,-0.48,Fixed Income,High Yield,
3.41,-0.62,Fixed Income,High Yield,
3.41,0.93,Fixed Income,High Yield,
3.4,-2.81,Fixed Income,High Yield,
3.4,2.38,Fixed Income,High Yield,
3.38,2.65,Fixed Income,High Yield,
3.37,-1.19,Fixed Income,High Yield,
3.36,-1.41,Fixed Income,High Yield,
3.35,-0.14,Fixed Income,High Yield,
3.34,0.74,Fixed Income,High Yield,
3.33,0.25,Fixed Income,High Yield,
3.33,0.19,Fixed Income,High Yield,
3.32,3.6,Fixed Income,High Yield,
3.31,0.44,Fixed Income,High Yield,
3.31,0.69,Fixed Income,High Yield,
3.3,-0.51,Fixed Income,High Yield,
3.29,0.47,Fixed Income,High Yield,
3.29,0.77,Fixed Income,High Yield,
3.25,4.43,Fixed Income,High Yield,
3.24,-0.27,Fixed Income,High Yield,
3.23,0.23,Fixed Income,High Yield,
3.22,1.1,Fixed Income,High Yield,
3.21,0,Fixed Income,High Yield,
3.21,1.26,Fixed Income,High Yield,
3.19,-1.44,Fixed Income,High Yield,
3.17,-2.65,Fixed Income,High Yield,
3.15,-0.9,Fixed Income,High Yield,
3.15,-0.49,Fixed Income,High Yield,
3.14,1.22,Fixed Income,High Yield,
3.14,0.14,Fixed Income,High Yield,
3.14,3.21,Fixed Income,High Yield,
3.13,-0.3,Fixed Income,High Yield,
3.11,-1.02,Fixed Income,High Yield,
3.1,0.21,Fixed Income,High Yield,
3.09,-0.93,Fixed Income,High Yield,
3.08,-0.04,Fixed Income,High Yield,
3.08,-0.38,Fixed Income,High Yield,
3.07,-1.28,Fixed Income,High Yield,
3.07,-0.92,Fixed Income,High Yield,
1.65,0.97,Fixed Income,High Yield,
1.64,1.64,Fixed Income,High Yield,
1.6,-0.06,Fixed Income,High Yield,
3.46,0.65,Fixed Income,IG,Corporate
3.44,1.69,Fixed Income,IG,Corporate
3.44,-2.95,Fixed Income,IG,Corporate
3.43,-2.83,Fixed Income,IG,Corporate
3.06,-0.02,Fixed Income,IG,Corporate
3.06,0.83,Fixed Income,IG,Corporate
3.04,2.21,Fixed Income,IG,Corporate
3.03,-0.77,Fixed Income,IG,Corporate
3.01,1.34,Fixed Income,IG,Corporate
2.98,2.63,Fixed Income,IG,Corporate
2.96,2.23,Fixed Income,IG,Corporate
2.96,1.43,Fixed Income,IG,Corporate
2.93,2.78,Fixed Income,IG,Corporate
2.93,-0.9,Fixed Income,IG,Corporate
2.92,4.52,Fixed Income,IG,Corporate
2.87,1.41,Fixed Income,IG,Corporate
2.86,3.24,Fixed Income,IG,Corporate
2.85,1.84,Fixed Income,IG,Corporate
2.85,-0.15,Fixed Income,IG,Corporate
2.84,1.59,Fixed Income,IG,Corporate
2.82,1.29,Fixed Income,IG,Corporate
2.78,1.23,Fixed Income,IG,Corporate
2.77,2.55,Fixed Income,IG,Corporate
2.75,1.08,Fixed Income,IG,Corporate
2.74,6.78,Fixed Income,IG,Corporate
2.73,-1.49,Fixed Income,IG,Corporate
2.72,0.65,Fixed Income,IG,Corporate
2.72,-2.18,Fixed Income,IG,Corporate
2.7,-2.88,Fixed Income,IG,Corporate
2.69,-2.4,Fixed Income,IG,Corporate
2.69,-3.9,Fixed Income,IG,Corporate
2.68,0.6,Fixed Income,IG,Corporate
2.66,3.19,Fixed Income,IG,Corporate
2.65,3.38,Fixed Income,IG,Corporate
2.62,1.91,Fixed Income,IG,Corporate
2.61,2.14,Fixed Income,IG,Corporate
2.6,4.72,Fixed Income,IG,Corporate
2.6,4.1,Fixed Income,IG,Corporate
2.59,2.34,Fixed Income,IG,Corporate
2.58,1.47,Fixed Income,IG,Corporate
2.55,1.65,Fixed Income,IG,Corporate
2.53,1.77,Fixed Income,IG,Corporate
2.53,1.76,Fixed Income,IG,Corporate
2.5,1.35,Fixed Income,IG,Corporate
2.5,1.46,Fixed Income,IG,Corporate
2.5,1.33,Fixed Income,IG,Corporate
2.5,0.99,Fixed Income,IG,Corporate
2.49,1.34,Fixed Income,IG,Corporate
2.46,1.73,Fixed Income,IG,Corporate
2.46,1.27,Fixed Income,IG,Corporate
2.43,1.33,Fixed Income,IG,Corporate
2.43,1.04,Fixed Income,IG,Corporate
2.41,-2.35,Fixed Income,IG,Corporate
2.4,-3.76,Fixed Income,IG,Corporate
2.39,2.82,Fixed Income,IG,Corporate
2.37,2.91,Fixed Income,IG,Corporate
2.37,3.09,Fixed Income,IG,Corporate
2.36,2.76,Fixed Income,IG,Corporate
2.36,1.4,Fixed Income,IG,Corporate
2.35,1.24,Fixed Income,IG,Corporate
2.3,0.89,Fixed Income,IG,Corporate
2.3,0.76,Fixed Income,IG,Corporate
2.29,0.8,Fixed Income,IG,Corporate
2.28,0.54,Fixed Income,IG,Corporate
2.28,1.16,Fixed Income,IG,Corporate
2.26,0.6,Fixed Income,IG,Corporate
2.25,0.45,Fixed Income,IG,Corporate
2.24,0.57,Fixed Income,IG,Corporate
2.22,0.63,Fixed Income,IG,Corporate
2.21,-0.81,Fixed Income,IG,Corporate
2.21,0.34,Fixed Income,IG,Corporate
2.21,-0.93,Fixed Income,IG,Corporate
2.19,0.3,Fixed Income,IG,Corporate
2.18,0.87,Fixed Income,IG,Corporate
2.17,0.62,Fixed Income,IG,Corporate
2.16,-0.58,Fixed Income,IG,Corporate
1.57,1.36,Fixed Income,IG,Corporate
1.57,5.57,Fixed Income,IG,Corporate
1.56,2.4,Fixed Income,IG,Corporate
1.56,1.09,Fixed Income,IG,Corporate
1.55,3.32,Fixed Income,IG,Corporate
1.54,-0.74,Fixed Income,IG,Corporate
1.54,1.16,Fixed Income,IG,Corporate
1.54,1.9,Fixed Income,IG,Corporate
1.53,1.71,Fixed Income,IG,Corporate
1.51,1.61,Fixed Income,IG,Corporate
1.5,2.92,Fixed Income,IG,Corporate
1.49,3.03,Fixed Income,IG,Corporate
1.47,1.27,Fixed Income,IG,Corporate
1.47,-1.91,Fixed Income,IG,Corporate
1.46,-0.05,Fixed Income,IG,Corporate
1.46,-1.74,Fixed Income,IG,Corporate
1.45,1.83,Fixed Income,IG,Corporate
1.41,-0.32,Fixed Income,IG,Corporate
1.39,0.96,Fixed Income,IG,Corporate
1.38,2.24,Fixed Income,IG,Corporate
1.37,1.92,Fixed Income,IG,Corporate
1.32,2.21,Fixed Income,IG,Corporate
1.32,2.04,Fixed Income,IG,Corporate
1.31,2.01,Fixed Income,IG,Corporate
1.3,2,Fixed Income,IG,Corporate
1.29,2.16,Fixed Income,IG,Corporate
1.28,1.98,Fixed Income,IG,Corporate
1.26,2.16,Fixed Income,IG,Corporate
1.26,1.71,Fixed Income,IG,Corporate
1.23,1.57,Fixed Income,IG,Corporate
1.23,2.93,Fixed Income,IG,Corporate
1.22,1.3,Fixed Income,IG,Corporate
1.19,2.8,Fixed Income,IG,Corporate
1.18,2.22,Fixed Income,IG,Corporate
1.17,0.75,Fixed Income,IG,Corporate
1.16,0.68,Fixed Income,IG,Corporate
1.15,0.56,Fixed Income,IG,Corporate
1.14,1.47,Fixed Income,IG,Corporate
1.12,1.19,Fixed Income,IG,Corporate
1.11,0.2,Fixed Income,IG,Corporate
1.11,0.2,Fixed Income,IG,Corporate
1.11,0.6,Fixed Income,IG,Corporate
1.07,0.05,Fixed Income,IG,Corporate
1.07,0.15,Fixed Income,IG,Corporate
1.05,0.76,Fixed Income,IG,Corporate
5.43,-3.16,Fixed Income,Region,
5.35,-1.22,Fixed Income,Region,
5.33,-0.16,Fixed Income,Region,
5.33,1.42,Fixed Income,Region,
5.33,0.63,Fixed Income,Region,
5.3,-1.64,Fixed Income,Region,
5.29,0.39,Fixed Income,Region,
5.26,-4.33,Fixed Income,Region,
5.25,-1.9,Fixed Income,Region,
5.25,-0.23,Fixed Income,Region,
5.23,-1.79,Fixed Income,Region,
5.21,0.84,Fixed Income,Region,
5.2,0.99,Fixed Income,Region,
5.18,-0.22,Fixed Income,Region,
5.17,-0.02,Fixed Income,Region,
5.15,-1.21,Fixed Income,Region,
5.13,1.03,Fixed Income,Region,
5.1,1.39,Fixed Income,Region,
5.1,0,Fixed Income,Region,
5.09,1.48,Fixed Income,Region,
5.07,-1.94,Fixed Income,Region,
5.06,0.3,Fixed Income,Region,
5.05,-1.26,Fixed Income,Region,
5.05,-1.64,Fixed Income,Region,
5.04,-4.84,Fixed Income,Region,
5.04,-4.35,Fixed Income,Region,
4.98,-1.63,Fixed Income,Region,
4.96,0.38,Fixed Income,Region,
4.96,1.33,Fixed Income,Region,
4.95,2.87,Fixed Income,Region,
4.95,1.41,Fixed Income,Region,
4.93,0.21,Fixed Income,Region,
4.91,0.63,Fixed Income,Region,
4.9,2.17,Fixed Income,Region,
4.87,-0.81,Fixed Income,Region,
4.86,0.51,Fixed Income,Region,
4.86,0.97,Fixed Income,Region,
4.86,2.06,Fixed Income,Region,
4.85,0.81,Fixed Income,Region,
4.84,0.25,Fixed Income,Region,
4.83,0.37,Fixed Income,Region,
4.83,-0.15,Fixed Income,Region,
4.82,-0.24,Fixed Income,Region,
4.81,1.99,Fixed Income,Region,
4.81,-0.45,Fixed Income,Region,
4.81,-1.18,Fixed Income,Region,
4.8,3.9,Fixed Income,Region,
4.77,-3.55,Fixed Income,Region,
4.77,-0.54,Fixed Income,Region,
4.77,-0.62,Fixed Income,Region,
4.76,-1.64,Fixed Income,Region,
4.75,1.85,Fixed Income,Region,
4.69,1.68,Fixed Income,Region,
4.68,-0.51,Fixed Income,Region,
4.68,-1.94,Fixed Income,Region,
4.68,-3.06,Fixed Income,Region,
4.67,0.6,Fixed Income,Region,
4.67,-1.58,Fixed Income,Region,
4.66,-0.02,Fixed Income,Region,
4.65,0.14,Fixed Income,Region,
4.62,-0.61,Fixed Income,Region,
4.6,0.08,Fixed Income,Region,
4.6,-0.57,Fixed Income,Region,
4.6,-0.75,Fixed Income,Region,
4.58,0.06,Fixed Income,Region,
4.55,-0.72,Fixed Income,Region,
4.54,0.77,Fixed Income,Region,
4.53,-0.24,Fixed Income,Region,
4.5,-0.23,Fixed Income,Region,
4.48,0.09,Fixed Income,Region,
4.48,-0.07,Fixed Income,Region,
4.46,-1.03,Fixed Income,Region,
4.45,0.53,Fixed Income,Region,
4.45,0.98,Fixed Income,Region,
4.44,1.92,Fixed Income,Region,
4.44,3.82,Fixed Income,Region,
4.41,-0.41,Fixed Income,Region,
4.41,0.93,Fixed Income,Region,
4.39,15.17,Fixed Income,Region,
4.38,1.23,Fixed Income,Region,
4.37,1.08,Fixed Income,Region,
4.37,1.68,Fixed Income,Region,
4.36,0.1,Fixed Income,Region,
4.35,0.8,Fixed Income,Region,
4.35,1.69,Fixed Income,Region,
4.35,1.09,Fixed Income,Region,
4.32,-0.09,Fixed Income,Region,
4.32,1.18,Fixed Income,Region,
4.31,0.76,Fixed Income,Region,
4.31,-0.72,Fixed Income,Region,
4.29,0.65,Fixed Income,Region,
4.25,-2.6,Fixed Income,Region,
1.95,1.69,Fixed Income,Specific,
1.9,4.84,Fixed Income,Specific,
1.88,1.36,Fixed Income,Specific,
1.87,1.93,Fixed Income,Specific,
1.86,2.15,Fixed Income,Specific,
1.85,5.52,Fixed Income,Specific,
1.84,0.99,Fixed Income,Specific,
1.82,1.08,Fixed Income,Specific,
1.8,0.49,Fixed Income,Specific,
1.77,5.02,Fixed Income,Specific,
1.75,1.97,Fixed Income,Specific,
1.74,0.54,Fixed Income,Specific,
1.73,0.62,Fixed Income,Specific,
1.73,0.39,Fixed Income,Specific,
1,-0.5,Fixed Income,Specific,
0.98,-0.08,Fixed Income,Specific,
0.98,-0.2,Fixed Income,Specific,
0.98,-1,Fixed Income,Specific,
0.95,0.52,Fixed Income,Specific,
0.95,1.65,Fixed Income,Specific,
0.94,0.46,Fixed Income,Specific,
